policy_name,num_clusters,num_steps,clustering_method,num_act_apply,hardcode_start_goal_states,full_replan,title,metric,mean,median,std_dev,min,percentile_25,percentile_75,max,directory,filename
random_policy,80,32000,kmeans,20,True,False,Steps,steps,376.14,212.0,304.1568023240644,112.0,159.5,470.25,1000.0,results/dbg0_clust80_steps32000_kmeans_act20_hTrue_frFalse,random_policy_steps.json
final_policy,80,32000,kmeans,20,True,False,Returns,return,-63.9263865914942,-61.85034084314049,43.57267605223546,-158.42096515803766,-93.27142716625451,-31.235653358312312,17.567700684160123,results/dbg0_clust80_steps32000_kmeans_act20_hTrue_frFalse,final_policy_return.json
random_policy,80,32000,kmeans,20,True,False,Returns,return,-491.3498742464211,-245.6123063350991,691.0692046118643,-3556.3799165508017,-647.5521557702216,-126.83768162998743,29.29743093958629,results/dbg0_clust80_steps32000_kmeans_act20_hTrue_frFalse,random_policy_return.json
final_policy,80,32000,kmeans,20,True,False,Steps,steps,819.3,1000.0,308.69974084861167,153.0,817.0,1000.0,1000.0,results/dbg0_clust80_steps32000_kmeans_act20_hTrue_frFalse,final_policy_steps.json
random_policy,80,32000,kmeans,10,True,True,Steps,steps,379.02,266.5,301.6497631359919,118.0,163.0,439.5,1000.0,results/dbg0_clust80_steps32000_kmeans_act10_hTrue_frTrue,random_policy_steps.json
final_policy,80,32000,kmeans,10,True,True,Returns,return,36.50115696078646,-3.301827193481337,137.74152426918033,-186.9168873656588,-84.04288543363687,133.18409833352342,274.66394469415263,results/dbg0_clust80_steps32000_kmeans_act10_hTrue_frTrue,final_policy_return.json
random_policy,80,32000,kmeans,10,True,True,Returns,return,-499.85182169743274,-256.1679839205768,673.0712804444636,-3608.2736572100994,-608.7934261812139,-132.03611444340942,21.78263364792592,results/dbg0_clust80_steps32000_kmeans_act10_hTrue_frTrue,random_policy_return.json
final_policy,80,32000,kmeans,10,True,True,Steps,steps,567.5,611.0,340.1469241372028,116.0,171.25,973.75,1000.0,results/dbg0_clust80_steps32000_kmeans_act10_hTrue_frTrue,final_policy_steps.json
random_policy,10,8000,kmeans,20,True,True,Steps,steps,339.76,203.5,286.79850487755334,122.0,154.75,358.0,1000.0,results/dbg0_clust10_steps8000_kmeans_act20_hTrue_frTrue,random_policy_steps.json
final_policy,10,8000,kmeans,20,True,True,Returns,return,11.244094918712312,-17.387246414986386,96.230535326798,-85.091815346349,-53.78026765723585,19.36700042425245,286.17099047405577,results/dbg0_clust10_steps8000_kmeans_act20_hTrue_frTrue,final_policy_return.json
random_policy,10,8000,kmeans,20,True,True,Returns,return,-488.8417487358745,-231.70288291100738,709.1376565162087,-3700.879514153889,-483.42830003220894,-129.1371729215369,38.11910686665453,results/dbg0_clust10_steps8000_kmeans_act20_hTrue_frTrue,random_policy_return.json
final_policy,10,8000,kmeans,20,True,True,Steps,steps,367.42,299.0,254.1609010056425,116.0,170.0,439.75,1000.0,results/dbg0_clust10_steps8000_kmeans_act20_hTrue_frTrue,final_policy_steps.json
random_policy,10,8000,kmeans,10,True,False,Steps,steps,420.38,286.5,310.9143219602468,118.0,176.25,563.0,1000.0,results/dbg0_clust10_steps8000_kmeans_act10_hTrue_frFalse,random_policy_steps.json
final_policy,10,8000,kmeans,10,True,False,Returns,return,-88.04079964624485,-84.52103237462171,83.78016514489782,-243.38739648458485,-141.11192954322314,-46.53444622110756,285.11750327831476,results/dbg0_clust10_steps8000_kmeans_act10_hTrue_frFalse,final_policy_return.json
random_policy,10,8000,kmeans,10,True,False,Returns,return,-549.1295020148618,-305.2532047842117,521.2185545574778,-2261.1117920860834,-954.148145716259,-127.61042837387369,26.205873304637336,results/dbg0_clust10_steps8000_kmeans_act10_hTrue_frFalse,random_policy_return.json
final_policy,10,8000,kmeans,10,True,False,Steps,steps,321.22,262.0,212.4160342347065,72.0,158.0,422.5,1000.0,results/dbg0_clust10_steps8000_kmeans_act10_hTrue_frFalse,final_policy_steps.json
random_policy,80,16000,kmeans,20,True,True,Steps,steps,399.22,236.5,321.763285040416,95.0,146.0,620.0,1000.0,results/dbg0_clust80_steps16000_kmeans_act20_hTrue_frTrue,random_policy_steps.json
final_policy,80,16000,kmeans,20,True,True,Returns,return,-141.11302693267592,-139.2389639725577,39.638409738318,-217.088349426172,-175.29119614536694,-117.57717639536507,-36.282516778269084,results/dbg0_clust80_steps16000_kmeans_act20_hTrue_frTrue,final_policy_return.json
random_policy,80,16000,kmeans,20,True,True,Returns,return,-451.02998195803093,-226.04678085758258,547.4104191246074,-2246.164175277255,-503.4329815603081,-109.50422741601196,14.325629374788363,results/dbg0_clust80_steps16000_kmeans_act20_hTrue_frTrue,random_policy_return.json
final_policy,80,16000,kmeans,20,True,True,Steps,steps,200.0,177.5,109.94689627270067,115.0,138.25,224.0,683.0,results/dbg0_clust80_steps16000_kmeans_act20_hTrue_frTrue,final_policy_steps.json
random_policy,10,32000,kmeans,20,True,False,Steps,steps,387.82,210.0,319.1898300384898,102.0,142.25,491.0,1000.0,results/dbg0_clust10_steps32000_kmeans_act20_hTrue_frFalse,random_policy_steps.json
final_policy,10,32000,kmeans,20,True,False,Returns,return,-132.2007646334356,-128.27487003439524,71.84708646144435,-263.80118464674763,-189.0142942867355,-79.6678098633206,56.15601928717402,results/dbg0_clust10_steps32000_kmeans_act20_hTrue_frFalse,final_policy_return.json
random_policy,10,32000,kmeans,20,True,False,Returns,return,-502.68483897304037,-236.65134966832886,634.6108956517558,-3196.943426079124,-733.350388632153,-96.19240206025029,34.67148172922984,results/dbg0_clust10_steps32000_kmeans_act20_hTrue_frFalse,random_policy_return.json
final_policy,10,32000,kmeans,20,True,False,Steps,steps,493.96,400.5,271.89828686477597,115.0,333.75,680.25,1000.0,results/dbg0_clust10_steps32000_kmeans_act20_hTrue_frFalse,final_policy_steps.json
random_policy,40,32000,kmeans,10,True,False,Steps,steps,422.92,268.5,323.70652387618014,112.0,172.75,692.25,1000.0,results/dbg0_clust40_steps32000_kmeans_act10_hTrue_frFalse,random_policy_steps.json
final_policy,40,32000,kmeans,10,True,False,Returns,return,-122.53162113992747,-132.1462649506339,89.41862181906994,-262.73418861575544,-182.26548810449196,-84.85162750554257,232.80508723743137,results/dbg0_clust40_steps32000_kmeans_act10_hTrue_frFalse,final_policy_return.json
random_policy,40,32000,kmeans,10,True,False,Returns,return,-582.2339679680882,-242.28822433992065,775.4811110662205,-3156.863401553865,-477.9568888147236,-120.65497226514617,49.700345180633576,results/dbg0_clust40_steps32000_kmeans_act10_hTrue_frFalse,random_policy_return.json
final_policy,40,32000,kmeans,10,True,False,Steps,steps,705.98,816.5,314.5035764502528,113.0,405.0,1000.0,1000.0,results/dbg0_clust40_steps32000_kmeans_act10_hTrue_frFalse,final_policy_steps.json
random_policy,40,16000,kmeans,10,True,False,Steps,steps,416.7,261.5,326.7402791208944,102.0,177.25,568.0,1000.0,results/dbg0_clust40_steps16000_kmeans_act10_hTrue_frFalse,random_policy_steps.json
final_policy,40,16000,kmeans,10,True,False,Returns,return,-41.17715717560395,-50.047662512492316,56.89446297859509,-144.46359392415033,-82.00236045103348,-13.669480207294708,86.79324140042239,results/dbg0_clust40_steps16000_kmeans_act10_hTrue_frFalse,final_policy_return.json
random_policy,40,16000,kmeans,10,True,False,Returns,return,-558.006255788102,-308.34052015188337,711.0572385158055,-3410.043197056054,-706.6155089889829,-139.93949272425104,38.94020401545097,results/dbg0_clust40_steps16000_kmeans_act10_hTrue_frFalse,random_policy_return.json
final_policy,40,16000,kmeans,10,True,False,Steps,steps,881.74,1000.0,270.60042941577166,127.0,1000.0,1000.0,1000.0,results/dbg0_clust40_steps16000_kmeans_act10_hTrue_frFalse,final_policy_steps.json
random_policy,40,16000,kmeans,20,True,False,Steps,steps,348.74,219.5,275.10294873010724,113.0,170.5,396.75,1000.0,results/dbg0_clust40_steps16000_kmeans_act20_hTrue_frFalse,random_policy_steps.json
final_policy,40,16000,kmeans,20,True,False,Returns,return,-63.42688703060847,-55.93982496745837,68.1310228614606,-212.7329761178067,-107.95519323271886,-14.392812293948529,107.58874326660202,results/dbg0_clust40_steps16000_kmeans_act20_hTrue_frFalse,final_policy_return.json
random_policy,40,16000,kmeans,20,True,False,Returns,return,-416.1155412441332,-217.13771284194,506.9579547175019,-2194.5274782365996,-353.10445155646664,-123.1911755048228,-15.567743515605514,results/dbg0_clust40_steps16000_kmeans_act20_hTrue_frFalse,random_policy_return.json
final_policy,40,16000,kmeans,20,True,False,Steps,steps,932.14,1000.0,145.4735728577531,304.0,926.5,1000.0,1000.0,results/dbg0_clust40_steps16000_kmeans_act20_hTrue_frFalse,final_policy_steps.json
random_policy,10,16000,kmeans,20,True,False,Steps,steps,397.12,220.5,324.07651195358176,99.0,155.0,578.25,1000.0,results/dbg0_clust10_steps16000_kmeans_act20_hTrue_frFalse,random_policy_steps.json
final_policy,10,16000,kmeans,20,True,False,Returns,return,-35.32574636808938,-50.90567079315619,94.13146563212723,-183.86581285561064,-95.30510328398935,-15.08990054640908,233.84096150853873,results/dbg0_clust10_steps16000_kmeans_act20_hTrue_frFalse,final_policy_return.json
random_policy,10,16000,kmeans,20,True,False,Returns,return,-639.5003265440183,-360.12551772434495,780.574179926662,-3265.891489195547,-706.6304085263673,-155.50129299165187,20.356653730790285,results/dbg0_clust10_steps16000_kmeans_act20_hTrue_frFalse,random_policy_return.json
final_policy,10,16000,kmeans,20,True,False,Steps,steps,615.8,547.0,291.59019187894506,159.0,411.5,947.75,1000.0,results/dbg0_clust10_steps16000_kmeans_act20_hTrue_frFalse,final_policy_steps.json
random_policy,20,8000,kmeans,10,True,False,Steps,steps,386.8,229.0,324.92928461436037,100.0,165.25,487.75,1000.0,results/dbg0_clust20_steps8000_kmeans_act10_hTrue_frFalse,random_policy_steps.json
final_policy,20,8000,kmeans,10,True,False,Returns,return,19.84911195196124,-7.172298899757523,121.81134088157985,-208.10858271069907,-63.76022028761335,101.27983010428716,274.1106566452324,results/dbg0_clust20_steps8000_kmeans_act10_hTrue_frFalse,final_policy_return.json
random_policy,20,8000,kmeans,10,True,False,Returns,return,-495.7464988589669,-293.8921184621074,610.2814783482813,-2375.3879906858842,-463.29812228900386,-160.31390645558525,52.7603282935313,results/dbg0_clust20_steps8000_kmeans_act10_hTrue_frFalse,random_policy_return.json
final_policy,20,8000,kmeans,10,True,False,Steps,steps,805.02,977.5,243.89501757928554,264.0,615.5,1000.0,1000.0,results/dbg0_clust20_steps8000_kmeans_act10_hTrue_frFalse,final_policy_steps.json
random_policy,20,16000,kmeans,10,True,False,Steps,steps,395.22,207.0,325.6200417664736,104.0,152.25,520.75,1000.0,results/dbg0_clust20_steps16000_kmeans_act10_hTrue_frFalse,random_policy_steps.json
final_policy,20,16000,kmeans,10,True,False,Returns,return,6.752527176537,-14.712128100817992,131.13748568762375,-189.53463765648792,-102.04589536698506,118.89543010484442,252.09478789164203,results/dbg0_clust20_steps16000_kmeans_act10_hTrue_frFalse,final_policy_return.json
random_policy,20,16000,kmeans,10,True,False,Returns,return,-570.0959680318881,-269.9274120385762,745.5501896077944,-3281.6156939043044,-590.4140353828583,-119.03260068784309,28.839083744192322,results/dbg0_clust20_steps16000_kmeans_act10_hTrue_frFalse,random_policy_return.json
final_policy,20,16000,kmeans,10,True,False,Steps,steps,763.3,799.0,219.4620923986646,306.0,560.0,1000.0,1000.0,results/dbg0_clust20_steps16000_kmeans_act10_hTrue_frFalse,final_policy_steps.json
random_policy,40,8000,kmeans,10,True,False,Steps,steps,383.76,264.0,296.6028698445111,127.0,151.0,469.5,1000.0,results/dbg0_clust40_steps8000_kmeans_act10_hTrue_frFalse,random_policy_steps.json
final_policy,40,8000,kmeans,10,True,False,Returns,return,-155.18828185415717,-136.91771546386047,70.76580364806797,-316.68077788769585,-212.72046688383253,-99.27890012417346,-9.51557410591029,results/dbg0_clust40_steps8000_kmeans_act10_hTrue_frFalse,final_policy_return.json
random_policy,40,8000,kmeans,10,True,False,Returns,return,-535.6146478211416,-231.04966175561935,700.5859136412129,-3111.524400425633,-668.9746773113889,-122.49854698004543,58.68148588426871,results/dbg0_clust40_steps8000_kmeans_act10_hTrue_frFalse,random_policy_return.json
final_policy,40,8000,kmeans,10,True,False,Steps,steps,620.36,552.5,283.09339518964407,130.0,382.5,950.25,1000.0,results/dbg0_clust40_steps8000_kmeans_act10_hTrue_frFalse,final_policy_steps.json
random_policy,20,32000,kmeans,20,True,True,Steps,steps,331.66,212.0,285.24428898752734,103.0,152.0,330.25,1000.0,results/dbg0_clust20_steps32000_kmeans_act20_hTrue_frTrue,random_policy_steps.json
final_policy,20,32000,kmeans,20,True,True,Returns,return,-22.1402733154626,-42.3720787639173,101.65284314329831,-185.71268342587427,-78.08388182320877,-0.46498830805337477,276.6053314124404,results/dbg0_clust20_steps32000_kmeans_act20_hTrue_frTrue,final_policy_return.json
random_policy,20,32000,kmeans,20,True,True,Returns,return,-380.34344428389807,-195.0454557781958,639.0068761592916,-3135.2053580132406,-297.944645908539,-97.18701517851878,50.756610514799036,results/dbg0_clust20_steps32000_kmeans_act20_hTrue_frTrue,random_policy_return.json
final_policy,20,32000,kmeans,20,True,True,Steps,steps,324.48,277.0,191.99919166496508,111.0,178.5,399.75,1000.0,results/dbg0_clust20_steps32000_kmeans_act20_hTrue_frTrue,final_policy_steps.json
random_policy,80,8000,kmeans,20,True,False,Steps,steps,408.34,261.0,335.6484833870101,118.0,151.5,510.0,1000.0,results/dbg0_clust80_steps8000_kmeans_act20_hTrue_frFalse,random_policy_steps.json
final_policy,80,8000,kmeans,20,True,False,Returns,return,-135.56968297650232,-136.3174992646201,53.13976554276244,-254.69537345888864,-178.18488038672115,-92.15597378255269,-47.72593629649972,results/dbg0_clust80_steps8000_kmeans_act20_hTrue_frFalse,final_policy_return.json
random_policy,80,8000,kmeans,20,True,False,Returns,return,-610.9250149898553,-271.8550083506227,763.4398249630277,-3069.4794943364177,-734.4017894019963,-147.325511091292,-8.117570674592002,results/dbg0_clust80_steps8000_kmeans_act20_hTrue_frFalse,random_policy_return.json
final_policy,80,8000,kmeans,20,True,False,Steps,steps,605.7,574.5,302.871210252807,105.0,401.75,932.75,1000.0,results/dbg0_clust80_steps8000_kmeans_act20_hTrue_frFalse,final_policy_steps.json
random_policy,40,8000,kmeans,20,True,True,Steps,steps,422.66,238.5,324.6665741957431,101.0,154.25,693.0,1000.0,results/dbg0_clust40_steps8000_kmeans_act20_hTrue_frTrue,random_policy_steps.json
final_policy,40,8000,kmeans,20,True,True,Returns,return,-108.50501278307848,-118.56419055893326,76.7302320407465,-225.37041099735276,-148.89100966449584,-76.88388610189757,161.798268541975,results/dbg0_clust40_steps8000_kmeans_act20_hTrue_frTrue,final_policy_return.json
random_policy,40,8000,kmeans,20,True,True,Returns,return,-552.0671631397938,-339.7762740424881,621.2731687309763,-2927.5319414232895,-793.0074998339637,-123.55255134715594,35.981160542617744,results/dbg0_clust40_steps8000_kmeans_act20_hTrue_frTrue,random_policy_return.json
final_policy,40,8000,kmeans,20,True,True,Steps,steps,298.24,208.5,229.8805394112342,115.0,153.0,288.0,1000.0,results/dbg0_clust40_steps8000_kmeans_act20_hTrue_frTrue,final_policy_steps.json
random_policy,20,16000,kmeans,10,True,True,Steps,steps,384.42,275.0,292.12956645981586,120.0,172.5,457.25,1000.0,results/dbg0_clust20_steps16000_kmeans_act10_hTrue_frTrue,random_policy_steps.json
final_policy,20,16000,kmeans,10,True,True,Returns,return,-33.848171513858986,-44.23496147649489,76.5649412119246,-174.52095618294632,-74.28626050436311,-15.604877009666009,236.22661012466338,results/dbg0_clust20_steps16000_kmeans_act10_hTrue_frTrue,final_policy_return.json
random_policy,20,16000,kmeans,10,True,True,Returns,return,-487.3697851623806,-200.49725785870584,636.5916858044318,-2847.1491255967426,-581.210246575168,-102.76376591396931,9.937506952305966,results/dbg0_clust20_steps16000_kmeans_act10_hTrue_frTrue,random_policy_return.json
final_policy,20,16000,kmeans,10,True,True,Steps,steps,429.7,424.5,258.5051837004434,111.0,193.5,545.5,1000.0,results/dbg0_clust20_steps16000_kmeans_act10_hTrue_frTrue,final_policy_steps.json
random_policy,80,16000,kmeans,10,True,False,Steps,steps,356.68,201.0,279.8513491123457,99.0,150.75,506.75,1000.0,results/dbg0_clust80_steps16000_kmeans_act10_hTrue_frFalse,random_policy_steps.json
final_policy,80,16000,kmeans,10,True,False,Returns,return,-65.53878918014223,-61.84955059713086,43.557127470421186,-166.5753805448296,-88.65574634484908,-38.209981524334005,31.129287366029374,results/dbg0_clust80_steps16000_kmeans_act10_hTrue_frFalse,final_policy_return.json
random_policy,80,16000,kmeans,10,True,False,Returns,return,-448.71996457320523,-189.8684110179372,604.8868334762947,-2839.180271566861,-494.70617580927683,-114.49641643928106,-7.1415220695595565,results/dbg0_clust80_steps16000_kmeans_act10_hTrue_frFalse,random_policy_return.json
final_policy,80,16000,kmeans,10,True,False,Steps,steps,990.28,1000.0,68.03999999999999,514.0,1000.0,1000.0,1000.0,results/dbg0_clust80_steps16000_kmeans_act10_hTrue_frFalse,final_policy_steps.json
random_policy,20,8000,kmeans,20,True,False,Steps,steps,314.62,230.0,231.24047137125459,83.0,160.0,347.0,1000.0,results/dbg0_clust20_steps8000_kmeans_act20_hTrue_frFalse,random_policy_steps.json
final_policy,20,8000,kmeans,20,True,False,Returns,return,-54.90266877445178,-61.69164634830373,66.63326394376506,-235.11188486647978,-87.8743122861316,-16.16658600600896,112.62927729814504,results/dbg0_clust20_steps8000_kmeans_act20_hTrue_frFalse,final_policy_return.json
random_policy,20,8000,kmeans,20,True,False,Returns,return,-398.7934562075009,-281.4035308797912,449.3609512464307,-2027.8965772331205,-439.225925437085,-95.01782452276066,57.01379396764557,results/dbg0_clust20_steps8000_kmeans_act20_hTrue_frFalse,random_policy_return.json
final_policy,20,8000,kmeans,20,True,False,Steps,steps,878.32,1000.0,258.5883554996242,112.0,950.0,1000.0,1000.0,results/dbg0_clust20_steps8000_kmeans_act20_hTrue_frFalse,final_policy_steps.json
random_policy,40,8000,kmeans,20,True,False,Steps,steps,367.26,245.5,275.6241506109361,94.0,157.25,435.75,1000.0,results/dbg0_clust40_steps8000_kmeans_act20_hTrue_frFalse,random_policy_steps.json
final_policy,40,8000,kmeans,20,True,False,Returns,return,-80.6487797903976,-69.83903071775609,80.52605796989371,-260.4152471343401,-135.7047248933527,-34.194038423278464,236.6541963278446,results/dbg0_clust40_steps8000_kmeans_act20_hTrue_frFalse,final_policy_return.json
random_policy,40,8000,kmeans,20,True,False,Returns,return,-491.9955425127597,-277.4670643680633,614.2858916353173,-2856.6762034765848,-463.4741298224651,-117.21521438636843,3.8207139585632603,results/dbg0_clust40_steps8000_kmeans_act20_hTrue_frFalse,random_policy_return.json
final_policy,40,8000,kmeans,20,True,False,Steps,steps,880.56,1000.0,227.12297638063836,144.0,853.5,1000.0,1000.0,results/dbg0_clust40_steps8000_kmeans_act20_hTrue_frFalse,final_policy_steps.json
random_policy,80,32000,kmeans,20,True,True,Steps,steps,355.24,222.5,296.42048242319555,115.0,156.25,440.0,1000.0,results/dbg0_clust80_steps32000_kmeans_act20_hTrue_frTrue,random_policy_steps.json
final_policy,80,32000,kmeans,20,True,True,Returns,return,-159.53354468805665,-149.31194190506207,45.10680044833607,-275.54300361457786,-173.79343583964476,-133.6886125058426,-27.791444495228205,results/dbg0_clust80_steps32000_kmeans_act20_hTrue_frTrue,final_policy_return.json
random_policy,80,32000,kmeans,20,True,True,Returns,return,-358.5851856722836,-221.01780312992568,440.6221486466047,-2470.6818327190667,-426.3534212692102,-97.19974228907205,35.898356017403955,results/dbg0_clust80_steps32000_kmeans_act20_hTrue_frTrue,random_policy_return.json
final_policy,80,32000,kmeans,20,True,True,Steps,steps,208.9,179.0,99.41855963551274,100.0,139.0,239.75,631.0,results/dbg0_clust80_steps32000_kmeans_act20_hTrue_frTrue,final_policy_steps.json
random_policy,80,32000,kmeans,10,True,False,Steps,steps,416.46,216.5,346.51488914619523,97.0,146.0,694.75,1000.0,results/dbg0_clust80_steps32000_kmeans_act10_hTrue_frFalse,random_policy_steps.json
final_policy,80,32000,kmeans,10,True,False,Returns,return,-12.773513968354415,-36.035653257769894,75.0915826316539,-138.46244681850123,-55.35656023936921,11.80250202350799,214.93044169034954,results/dbg0_clust80_steps32000_kmeans_act10_hTrue_frFalse,final_policy_return.json
random_policy,80,32000,kmeans,10,True,False,Returns,return,-714.9816461036302,-251.7865632794984,957.5577968543126,-4108.631099680755,-1006.6017926747079,-97.90805123646291,52.800611342931404,results/dbg0_clust80_steps32000_kmeans_act10_hTrue_frFalse,random_policy_return.json
final_policy,80,32000,kmeans,10,True,False,Steps,steps,977.54,1000.0,112.69431396481369,217.0,1000.0,1000.0,1000.0,results/dbg0_clust80_steps32000_kmeans_act10_hTrue_frFalse,final_policy_steps.json
random_policy,80,16000,kmeans,10,True,True,Steps,steps,320.34,211.5,240.73525790793505,99.0,178.75,340.75,1000.0,results/dbg0_clust80_steps16000_kmeans_act10_hTrue_frTrue,random_policy_steps.json
final_policy,80,16000,kmeans,10,True,True,Returns,return,-9.707285758236466,-48.69686889443359,116.21310538883138,-181.7085626197097,-90.34818683981757,26.023277947438363,264.91491951036505,results/dbg0_clust80_steps16000_kmeans_act10_hTrue_frTrue,final_policy_return.json
random_policy,80,16000,kmeans,10,True,True,Returns,return,-335.0507594154455,-211.62782396386206,403.4142193722544,-2469.108684835379,-412.63156608005005,-89.94530978162227,5.7751909978187825,results/dbg0_clust80_steps16000_kmeans_act10_hTrue_frTrue,random_policy_return.json
final_policy,80,16000,kmeans,10,True,True,Steps,steps,667.52,723.0,314.0867548942489,114.0,476.75,966.0,1000.0,results/dbg0_clust80_steps16000_kmeans_act10_hTrue_frTrue,final_policy_steps.json
random_policy,10,16000,kmeans,20,True,True,Steps,steps,344.16,186.5,296.26315059419727,110.0,144.5,496.75,1000.0,results/dbg0_clust10_steps16000_kmeans_act20_hTrue_frTrue,random_policy_steps.json
final_policy,10,16000,kmeans,20,True,True,Returns,return,31.98798332677435,-11.422619718609056,116.15191486457313,-91.25409071767844,-53.63514461638566,113.61078131310506,276.86139673532915,results/dbg0_clust10_steps16000_kmeans_act20_hTrue_frTrue,final_policy_return.json
random_policy,10,16000,kmeans,20,True,True,Returns,return,-344.6530762241718,-170.3763059243015,450.07636270077256,-2133.605629058314,-373.93493768489503,-78.13199707490489,49.27310732542736,results/dbg0_clust10_steps16000_kmeans_act20_hTrue_frTrue,random_policy_return.json
final_policy,10,16000,kmeans,20,True,True,Steps,steps,389.76,333.0,281.09148404033874,126.0,155.25,500.75,1000.0,results/dbg0_clust10_steps16000_kmeans_act20_hTrue_frTrue,final_policy_steps.json
random_policy,10,32000,kmeans,10,True,True,Steps,steps,419.06,298.0,314.2224314080712,109.0,175.5,559.5,1000.0,results/dbg0_clust10_steps32000_kmeans_act10_hTrue_frTrue,random_policy_steps.json
final_policy,10,32000,kmeans,10,True,True,Returns,return,-20.88869407903623,-47.942497002224414,93.49789362659742,-114.99685771027062,-84.01991659679199,-3.59929328516111,268.6894497307236,results/dbg0_clust10_steps32000_kmeans_act10_hTrue_frTrue,final_policy_return.json
random_policy,10,32000,kmeans,10,True,True,Returns,return,-534.0532264276827,-309.292786332034,607.490649618033,-2602.8697331603316,-622.3416868625017,-132.29449880391678,42.02065813117082,results/dbg0_clust10_steps32000_kmeans_act10_hTrue_frTrue,random_policy_return.json
final_policy,10,32000,kmeans,10,True,True,Steps,steps,364.2,331.0,230.87676366408115,117.0,176.75,472.5,1000.0,results/dbg0_clust10_steps32000_kmeans_act10_hTrue_frTrue,final_policy_steps.json
random_policy,20,8000,kmeans,20,True,True,Steps,steps,329.1,236.0,244.59356083102435,88.0,157.0,416.5,1000.0,results/dbg0_clust20_steps8000_kmeans_act20_hTrue_frTrue,random_policy_steps.json
final_policy,20,8000,kmeans,20,True,True,Returns,return,6.147139436418012,-29.62233865291386,137.43706990383623,-195.46732728898263,-101.21452634918205,97.46266097360387,267.32668697724,results/dbg0_clust20_steps8000_kmeans_act20_hTrue_frTrue,final_policy_return.json
random_policy,20,8000,kmeans,20,True,True,Returns,return,-443.04627306488356,-259.6076609739223,510.71927962914145,-2311.40786175947,-497.28010989965304,-114.38958255895098,-8.614870619335406,results/dbg0_clust20_steps8000_kmeans_act20_hTrue_frTrue,random_policy_return.json
final_policy,20,8000,kmeans,20,True,True,Steps,steps,346.6,252.0,236.7707752236327,112.0,171.75,427.75,1000.0,results/dbg0_clust20_steps8000_kmeans_act20_hTrue_frTrue,final_policy_steps.json
random_policy,20,32000,kmeans,10,True,True,Steps,steps,458.56,355.5,295.0871844048806,128.0,209.5,701.25,1000.0,results/dbg0_clust20_steps32000_kmeans_act10_hTrue_frTrue,random_policy_steps.json
final_policy,20,32000,kmeans,10,True,True,Returns,return,-76.67332683698973,-74.64663260071472,65.92377335922995,-226.85073799708786,-129.40037964364683,-47.30434805673275,156.13199450244664,results/dbg0_clust20_steps32000_kmeans_act10_hTrue_frTrue,final_policy_return.json
random_policy,20,32000,kmeans,10,True,True,Returns,return,-600.8973869515212,-327.6099391939063,702.5470470729283,-3126.302579175378,-841.0566177247488,-143.945106905261,1.2030538726616982,results/dbg0_clust20_steps32000_kmeans_act10_hTrue_frTrue,random_policy_return.json
final_policy,20,32000,kmeans,10,True,True,Steps,steps,284.08,284.0,148.62272235428875,90.0,155.25,360.75,1000.0,results/dbg0_clust20_steps32000_kmeans_act10_hTrue_frTrue,final_policy_steps.json
random_policy,40,32000,kmeans,20,True,False,Steps,steps,323.26,250.5,239.27689483107224,94.0,164.0,357.0,1000.0,results/dbg0_clust40_steps32000_kmeans_act20_hTrue_frFalse,random_policy_steps.json
final_policy,40,32000,kmeans,20,True,False,Returns,return,-180.72171083034144,-203.31349771818083,71.03041326356143,-303.76909495461604,-232.99657418562512,-123.79836691198177,-49.787657690884835,results/dbg0_clust40_steps32000_kmeans_act20_hTrue_frFalse,final_policy_return.json
random_policy,40,32000,kmeans,20,True,False,Returns,return,-453.85258188692774,-278.9239316985909,522.1841220897185,-2646.945774175471,-490.7681961218296,-179.3645225033507,22.223075430572194,results/dbg0_clust40_steps32000_kmeans_act20_hTrue_frFalse,random_policy_return.json
final_policy,40,32000,kmeans,20,True,False,Steps,steps,535.36,422.0,328.01309486055584,118.0,234.75,960.0,1000.0,results/dbg0_clust40_steps32000_kmeans_act20_hTrue_frFalse,final_policy_steps.json
random_policy,20,8000,kmeans,10,True,True,Steps,steps,406.82,270.5,324.4634148867943,96.0,144.25,620.25,1000.0,results/dbg0_clust20_steps8000_kmeans_act10_hTrue_frTrue,random_policy_steps.json
final_policy,20,8000,kmeans,10,True,True,Returns,return,-158.3228619262505,-156.06131706056868,50.3452766274856,-266.03672921031693,-192.32910367202004,-127.38737392192691,-50.83146489956291,results/dbg0_clust20_steps8000_kmeans_act10_hTrue_frTrue,final_policy_return.json
random_policy,20,8000,kmeans,10,True,True,Returns,return,-384.0094488012975,-240.7748932000418,445.6432628821839,-1914.9736291212323,-503.9569022959436,-106.83652661085156,50.14460241087852,results/dbg0_clust20_steps8000_kmeans_act10_hTrue_frTrue,random_policy_return.json
final_policy,20,8000,kmeans,10,True,True,Steps,steps,291.76,232.0,223.3045060002149,113.0,163.25,329.25,1000.0,results/dbg0_clust20_steps8000_kmeans_act10_hTrue_frTrue,final_policy_steps.json
random_policy,10,16000,kmeans,10,True,False,Steps,steps,322.92,194.0,269.1200356718169,119.0,163.5,348.75,1000.0,results/dbg0_clust10_steps16000_kmeans_act10_hTrue_frFalse,random_policy_steps.json
final_policy,10,16000,kmeans,10,True,False,Returns,return,70.9006396846478,29.771437723135833,121.47636673810881,-148.5609231454186,-10.891671695209201,181.75599631261798,280.63299775969654,results/dbg0_clust10_steps16000_kmeans_act10_hTrue_frFalse,final_policy_return.json
random_policy,10,16000,kmeans,10,True,False,Returns,return,-359.88116082776685,-189.57982256470194,493.35306104854317,-2797.4144139632836,-420.23813274053174,-96.97078509779806,53.128918081256415,results/dbg0_clust10_steps16000_kmeans_act10_hTrue_frFalse,random_policy_return.json
final_policy,10,16000,kmeans,10,True,False,Steps,steps,699.28,657.0,247.14198672018478,162.0,473.5,1000.0,1000.0,results/dbg0_clust10_steps16000_kmeans_act10_hTrue_frFalse,final_policy_steps.json
random_policy,80,8000,kmeans,10,True,True,Steps,steps,377.8,232.0,286.63523858730287,124.0,168.0,574.75,1000.0,results/dbg0_clust80_steps8000_kmeans_act10_hTrue_frTrue,random_policy_steps.json
final_policy,80,8000,kmeans,10,True,True,Returns,return,18.494238795729732,-21.774001551245092,92.63525113743725,-114.25450616630775,-51.62859076658684,84.92129540518359,222.6122010055292,results/dbg0_clust80_steps8000_kmeans_act10_hTrue_frTrue,final_policy_return.json
random_policy,80,8000,kmeans,10,True,True,Returns,return,-400.82063177580164,-244.60338849628795,463.9786088788463,-2652.600995360774,-429.23618002925514,-126.28008670366626,-17.641308879137355,results/dbg0_clust80_steps8000_kmeans_act10_hTrue_frTrue,random_policy_return.json
final_policy,80,8000,kmeans,10,True,True,Steps,steps,863.82,999.0,234.28740384408206,128.0,829.75,1000.0,1000.0,results/dbg0_clust80_steps8000_kmeans_act10_hTrue_frTrue,final_policy_steps.json
random_policy,10,16000,kmeans,10,True,True,Steps,steps,426.96,278.0,327.2724223028882,91.0,161.75,625.75,1000.0,results/dbg0_clust10_steps16000_kmeans_act10_hTrue_frTrue,random_policy_steps.json
final_policy,10,16000,kmeans,10,True,True,Returns,return,-60.90802535611035,-96.90627454478488,105.58849873118425,-186.86531356144735,-123.56102942946906,-17.678238947552067,278.60408674440885,results/dbg0_clust10_steps16000_kmeans_act10_hTrue_frTrue,final_policy_return.json
random_policy,10,16000,kmeans,10,True,True,Returns,return,-413.5828589745081,-250.89523213542293,455.5943684654795,-2045.1739320405827,-511.83356010834217,-159.01511872707576,8.292931693025977,results/dbg0_clust10_steps16000_kmeans_act10_hTrue_frTrue,random_policy_return.json
final_policy,10,16000,kmeans,10,True,True,Steps,steps,279.28,229.0,163.44932425678607,107.0,178.75,282.25,1000.0,results/dbg0_clust10_steps16000_kmeans_act10_hTrue_frTrue,final_policy_steps.json
random_policy,10,8000,kmeans,10,True,True,Steps,steps,388.02,223.5,311.53205228354915,115.0,152.75,500.5,1000.0,results/dbg0_clust10_steps8000_kmeans_act10_hTrue_frTrue,random_policy_steps.json
final_policy,10,8000,kmeans,10,True,True,Returns,return,-13.662835053790166,-45.7679847050625,103.37332204300671,-149.05306695141246,-76.09024309514831,3.0181623433278197,271.005634587549,results/dbg0_clust10_steps8000_kmeans_act10_hTrue_frTrue,final_policy_return.json
random_policy,10,8000,kmeans,10,True,True,Returns,return,-468.6703967490055,-305.7565213285914,501.4785377649799,-2944.5357810928012,-464.6714704568441,-194.8233019294428,-62.21908794038393,results/dbg0_clust10_steps8000_kmeans_act10_hTrue_frTrue,random_policy_return.json
final_policy,10,8000,kmeans,10,True,True,Steps,steps,458.2,453.0,265.778328687649,112.0,238.0,600.75,1000.0,results/dbg0_clust10_steps8000_kmeans_act10_hTrue_frTrue,final_policy_steps.json
random_policy,80,8000,kmeans,20,True,True,Steps,steps,362.64,208.5,305.8337299906601,94.0,157.5,401.0,1000.0,results/dbg0_clust80_steps8000_kmeans_act20_hTrue_frTrue,random_policy_steps.json
final_policy,80,8000,kmeans,20,True,True,Returns,return,-138.9375600156468,-145.47767368958688,37.48721274885579,-223.95041801960002,-158.73888768877174,-123.02138338306125,-55.31526859682101,results/dbg0_clust80_steps8000_kmeans_act20_hTrue_frTrue,final_policy_return.json
random_policy,80,8000,kmeans,20,True,True,Returns,return,-522.4085052228564,-233.90596351518923,675.9240335710407,-2725.895513274164,-568.2615934078171,-115.01353806614321,56.49157794307081,results/dbg0_clust80_steps8000_kmeans_act20_hTrue_frTrue,random_policy_return.json
final_policy,80,8000,kmeans,20,True,True,Steps,steps,207.8,172.5,112.57122189973776,105.0,128.0,257.0,749.0,results/dbg0_clust80_steps8000_kmeans_act20_hTrue_frTrue,final_policy_steps.json
random_policy,80,16000,kmeans,20,True,False,Steps,steps,274.46,189.5,234.12878592774533,116.0,155.75,268.25,1000.0,results/dbg0_clust80_steps16000_kmeans_act20_hTrue_frFalse,random_policy_steps.json
final_policy,80,16000,kmeans,20,True,False,Returns,return,-93.37364084744716,-100.49382444616825,65.16543421724221,-224.05003627511243,-136.28583210322688,-46.29497830513473,72.5433287402939,results/dbg0_clust80_steps16000_kmeans_act20_hTrue_frFalse,final_policy_return.json
random_policy,80,16000,kmeans,20,True,False,Returns,return,-284.39576536906424,-169.2856801309247,506.67296452485476,-3522.3334753572517,-282.81341086953785,-92.99123721318566,45.24062789607481,results/dbg0_clust80_steps16000_kmeans_act20_hTrue_frFalse,random_policy_return.json
final_policy,80,16000,kmeans,20,True,False,Steps,steps,804.4,1000.0,301.2035856360279,153.0,676.0,1000.0,1000.0,results/dbg0_clust80_steps16000_kmeans_act20_hTrue_frFalse,final_policy_steps.json
random_policy,20,16000,kmeans,20,True,True,Steps,steps,381.62,239.5,302.31208311941486,107.0,162.0,460.75,1000.0,results/dbg0_clust20_steps16000_kmeans_act20_hTrue_frTrue,random_policy_steps.json
final_policy,20,16000,kmeans,20,True,True,Returns,return,-63.4970482708626,-99.29799908880872,109.76517221943466,-208.36128841067796,-127.31179051571016,-41.699290951193106,281.0421140531039,results/dbg0_clust20_steps16000_kmeans_act20_hTrue_frTrue,final_policy_return.json
random_policy,20,16000,kmeans,20,True,True,Returns,return,-638.3037128481207,-272.9060630200122,882.9180436738143,-3572.803759084535,-544.4029165951443,-147.57734465849794,78.87538603209742,results/dbg0_clust20_steps16000_kmeans_act20_hTrue_frTrue,random_policy_return.json
final_policy,20,16000,kmeans,20,True,True,Steps,steps,302.6,183.5,235.28416861318993,99.0,140.5,384.75,1000.0,results/dbg0_clust20_steps16000_kmeans_act20_hTrue_frTrue,final_policy_steps.json
random_policy,40,32000,kmeans,20,True,True,Steps,steps,407.44,277.0,326.9352939038549,94.0,166.75,592.0,1000.0,results/dbg0_clust40_steps32000_kmeans_act20_hTrue_frTrue,random_policy_steps.json
final_policy,40,32000,kmeans,20,True,True,Returns,return,-84.42397441258579,-95.48954642041244,91.07784875896293,-261.2298350021358,-142.37671058461547,-40.92536586049354,243.01652541630372,results/dbg0_clust40_steps32000_kmeans_act20_hTrue_frTrue,final_policy_return.json
random_policy,40,32000,kmeans,20,True,True,Returns,return,-522.024120496587,-269.0355014864647,553.2154749314375,-2735.6701439170724,-763.7716125428266,-150.8660709363528,16.35698412762126,results/dbg0_clust40_steps32000_kmeans_act20_hTrue_frTrue,random_policy_return.json
final_policy,40,32000,kmeans,20,True,True,Steps,steps,317.0,250.0,208.85277110921945,112.0,163.5,419.75,1000.0,results/dbg0_clust40_steps32000_kmeans_act20_hTrue_frTrue,final_policy_steps.json
random_policy,40,8000,kmeans,10,True,True,Steps,steps,404.84,218.0,329.352902522507,115.0,159.25,658.75,1000.0,results/dbg0_clust40_steps8000_kmeans_act10_hTrue_frTrue,random_policy_steps.json
final_policy,40,8000,kmeans,10,True,True,Returns,return,-45.69853722095205,-62.24415246097168,106.27041962639882,-171.7473000389419,-118.52956834242602,-29.72963353988693,261.91827715181495,results/dbg0_clust40_steps8000_kmeans_act10_hTrue_frTrue,final_policy_return.json
random_policy,40,8000,kmeans,10,True,True,Returns,return,-516.5675614336236,-277.9382071851653,716.6219198893184,-3679.256586876165,-546.0252735972257,-109.8835803112306,25.167582947148418,results/dbg0_clust40_steps8000_kmeans_act10_hTrue_frTrue,random_policy_return.json
final_policy,40,8000,kmeans,10,True,True,Steps,steps,442.08,322.5,325.1819699798868,112.0,147.25,669.25,1000.0,results/dbg0_clust40_steps8000_kmeans_act10_hTrue_frTrue,final_policy_steps.json
random_policy,20,32000,kmeans,10,True,False,Steps,steps,361.64,196.5,322.26769990180526,104.0,145.5,418.5,1000.0,results/dbg0_clust20_steps32000_kmeans_act10_hTrue_frFalse,random_policy_steps.json
final_policy,20,32000,kmeans,10,True,False,Returns,return,-24.823330383595188,-30.427213161915738,99.32401401900198,-188.32637134757937,-94.30274753969785,37.549482413887375,283.8065006471347,results/dbg0_clust20_steps32000_kmeans_act10_hTrue_frFalse,final_policy_return.json
random_policy,20,32000,kmeans,10,True,False,Returns,return,-495.33812897325043,-170.36287126844434,741.335853204593,-2852.8450062152224,-500.2417332202837,-90.86805549103781,41.7402442059138,results/dbg0_clust20_steps32000_kmeans_act10_hTrue_frFalse,random_policy_return.json
final_policy,20,32000,kmeans,10,True,False,Steps,steps,818.16,996.0,245.4310787166124,155.0,675.25,1000.0,1000.0,results/dbg0_clust20_steps32000_kmeans_act10_hTrue_frFalse,final_policy_steps.json
random_policy,40,32000,kmeans,10,True,True,Steps,steps,341.4,205.0,272.3325907782614,118.0,159.25,367.5,1000.0,results/dbg0_clust40_steps32000_kmeans_act10_hTrue_frTrue,random_policy_steps.json
final_policy,40,32000,kmeans,10,True,True,Returns,return,-3.5702150378863644,-31.25570483062259,104.88658848275409,-149.8009382319034,-57.89683360628612,1.1239419517981135,272.63802494326467,results/dbg0_clust40_steps32000_kmeans_act10_hTrue_frTrue,final_policy_return.json
random_policy,40,32000,kmeans,10,True,True,Returns,return,-399.7519486136555,-257.9097473823181,469.7009097452262,-2264.3870780409525,-450.6383950006477,-103.572213751564,43.38116367841038,results/dbg0_clust40_steps32000_kmeans_act10_hTrue_frTrue,random_policy_return.json
final_policy,40,32000,kmeans,10,True,True,Steps,steps,614.56,590.5,308.9258914367652,127.0,418.25,983.5,1000.0,results/dbg0_clust40_steps32000_kmeans_act10_hTrue_frTrue,final_policy_steps.json
random_policy,40,16000,kmeans,10,True,True,Steps,steps,405.9,294.5,300.2369897264493,116.0,173.75,537.75,1000.0,results/dbg0_clust40_steps16000_kmeans_act10_hTrue_frTrue,random_policy_steps.json
final_policy,40,16000,kmeans,10,True,True,Returns,return,-16.91641521773714,-63.282656930331,146.47170712326718,-238.24110045717634,-101.26793613811866,103.62221929376294,253.9147204508385,results/dbg0_clust40_steps16000_kmeans_act10_hTrue_frTrue,final_policy_return.json
random_policy,40,16000,kmeans,10,True,True,Returns,return,-534.9430536156351,-257.86349779701106,628.8554485620864,-2638.1894791664276,-578.815013007782,-156.84041764408116,11.89992346470919,results/dbg0_clust40_steps16000_kmeans_act10_hTrue_frTrue,random_policy_return.json
final_policy,40,16000,kmeans,10,True,True,Steps,steps,616.74,634.0,316.8198737453192,129.0,222.5,942.25,1000.0,results/dbg0_clust40_steps16000_kmeans_act10_hTrue_frTrue,final_policy_steps.json
random_policy,20,16000,kmeans,20,True,False,Steps,steps,354.48,197.5,298.2326769487207,94.0,158.0,326.75,1000.0,results/dbg0_clust20_steps16000_kmeans_act20_hTrue_frFalse,random_policy_steps.json
final_policy,20,16000,kmeans,20,True,False,Returns,return,-136.0924255269286,-142.58934744817014,94.73406455902852,-305.80542142676865,-193.0788582170097,-72.56065920178605,94.82545563844427,results/dbg0_clust20_steps16000_kmeans_act20_hTrue_frFalse,final_policy_return.json
random_policy,20,16000,kmeans,20,True,False,Returns,return,-417.5050668616184,-165.38932124977086,538.2115830857474,-2352.6283062949806,-476.0221935810103,-115.51021227740284,49.201811964895086,results/dbg0_clust20_steps16000_kmeans_act20_hTrue_frFalse,random_policy_return.json
final_policy,20,16000,kmeans,20,True,False,Steps,steps,577.6,435.5,316.04974292031943,134.0,347.25,1000.0,1000.0,results/dbg0_clust20_steps16000_kmeans_act20_hTrue_frFalse,final_policy_steps.json
random_policy,10,32000,kmeans,20,True,True,Steps,steps,347.9,232.5,280.41406883392995,108.0,149.0,423.75,1000.0,results/dbg0_clust10_steps32000_kmeans_act20_hTrue_frTrue,random_policy_steps.json
final_policy,10,32000,kmeans,20,True,True,Returns,return,62.606706504608375,2.305241497569007,121.75562506009027,-78.27038190539021,-31.375412180040794,164.4973631700864,285.0441744869364,results/dbg0_clust10_steps32000_kmeans_act20_hTrue_frTrue,final_policy_return.json
random_policy,10,32000,kmeans,20,True,True,Returns,return,-451.5717216098186,-212.88111492326843,586.1389062945999,-2681.315478053823,-581.1735787836282,-109.85684808722763,74.5255206556713,results/dbg0_clust10_steps32000_kmeans_act20_hTrue_frTrue,random_policy_return.json
final_policy,10,32000,kmeans,20,True,True,Steps,steps,364.4,288.0,243.28625115283435,105.0,178.0,487.5,1000.0,results/dbg0_clust10_steps32000_kmeans_act20_hTrue_frTrue,final_policy_steps.json
random_policy,10,32000,kmeans,10,True,False,Steps,steps,417.18,270.5,317.51690915603217,125.0,174.25,536.75,1000.0,results/dbg0_clust10_steps32000_kmeans_act10_hTrue_frFalse,random_policy_steps.json
final_policy,10,32000,kmeans,10,True,False,Returns,return,-15.044738935522057,-25.06223793270088,98.18608427435399,-210.2701817129818,-62.65439659852593,-1.8599435244481413,248.20701788518332,results/dbg0_clust10_steps32000_kmeans_act10_hTrue_frFalse,final_policy_return.json
random_policy,10,32000,kmeans,10,True,False,Returns,return,-464.14770914017885,-232.32678950783753,553.8106056342444,-2689.6863985466553,-658.3695133717865,-111.04159041778355,27.320686964351722,results/dbg0_clust10_steps32000_kmeans_act10_hTrue_frFalse,random_policy_return.json
final_policy,10,32000,kmeans,10,True,False,Steps,steps,562.76,501.5,276.04373276711067,121.0,360.0,763.5,1000.0,results/dbg0_clust10_steps32000_kmeans_act10_hTrue_frFalse,final_policy_steps.json
random_policy,20,32000,kmeans,20,True,False,Steps,steps,341.16,254.0,252.67317704893014,101.0,171.75,394.5,1000.0,results/dbg0_clust20_steps32000_kmeans_act20_hTrue_frFalse,random_policy_steps.json
final_policy,20,32000,kmeans,20,True,False,Returns,return,-133.6608179880041,-149.79352187119554,83.03094885757324,-254.31176766564295,-193.17291512724154,-80.49079368392293,87.42401776514805,results/dbg0_clust20_steps32000_kmeans_act20_hTrue_frFalse,final_policy_return.json
random_policy,20,32000,kmeans,20,True,False,Returns,return,-464.11147445676113,-219.5808846967166,649.7144687267427,-3522.9742651608058,-537.696813498341,-114.07837947386648,21.153123769148408,results/dbg0_clust20_steps32000_kmeans_act20_hTrue_frFalse,random_policy_return.json
final_policy,20,32000,kmeans,20,True,False,Steps,steps,595.0,548.0,309.88649534950696,112.0,351.25,1000.0,1000.0,results/dbg0_clust20_steps32000_kmeans_act20_hTrue_frFalse,final_policy_steps.json
random_policy,80,8000,kmeans,10,True,False,Steps,steps,336.42,228.0,278.8763948418725,102.0,152.0,328.5,1000.0,results/dbg0_clust80_steps8000_kmeans_act10_hTrue_frFalse,random_policy_steps.json
final_policy,80,8000,kmeans,10,True,False,Returns,return,-16.085840185408514,-39.869861940492946,85.52908525068159,-133.1421740649977,-64.64120181018751,-8.248809917468856,230.02990748822884,results/dbg0_clust80_steps8000_kmeans_act10_hTrue_frFalse,final_policy_return.json
random_policy,80,8000,kmeans,10,True,False,Returns,return,-519.4626595374966,-221.49873198107792,804.0437837552835,-4492.780490495336,-498.63683882275575,-116.58451671034231,2.6147518196662105,results/dbg0_clust80_steps8000_kmeans_act10_hTrue_frFalse,random_policy_return.json
final_policy,80,8000,kmeans,10,True,False,Steps,steps,987.52,1000.0,44.326624053721936,785.0,1000.0,1000.0,1000.0,results/dbg0_clust80_steps8000_kmeans_act10_hTrue_frFalse,final_policy_steps.json
random_policy,40,16000,kmeans,20,True,True,Steps,steps,442.62,272.0,333.46063575780573,83.0,184.0,737.5,1000.0,results/dbg0_clust40_steps16000_kmeans_act20_hTrue_frTrue,random_policy_steps.json
final_policy,40,16000,kmeans,20,True,True,Returns,return,-128.0820020603592,-128.89123094397405,90.40288192237728,-244.49764213515806,-182.6751346291066,-101.298449121917,250.37986014946932,results/dbg0_clust40_steps16000_kmeans_act20_hTrue_frTrue,final_policy_return.json
random_policy,40,16000,kmeans,20,True,True,Returns,return,-631.8174980496693,-325.7285781111379,623.0630773824367,-2184.552170835847,-1120.6170009950579,-213.33125246047453,47.441698231174314,results/dbg0_clust40_steps16000_kmeans_act20_hTrue_frTrue,random_policy_return.json
final_policy,40,16000,kmeans,20,True,True,Steps,steps,241.18,166.0,196.09453740479358,100.0,134.5,246.5,1000.0,results/dbg0_clust40_steps16000_kmeans_act20_hTrue_frTrue,final_policy_steps.json
random_policy,10,8000,kmeans,20,True,False,Steps,steps,309.56,207.0,232.66010917215698,93.0,160.5,337.75,1000.0,results/dbg0_clust10_steps8000_kmeans_act20_hTrue_frFalse,random_policy_steps.json
final_policy,10,8000,kmeans,20,True,False,Returns,return,-131.70459999583173,-142.06116708221478,69.62066495902926,-246.72294509319454,-181.31570675674737,-96.55207882449002,97.40026535648236,results/dbg0_clust10_steps8000_kmeans_act20_hTrue_frFalse,final_policy_return.json
random_policy,10,8000,kmeans,20,True,False,Returns,return,-387.33156931492573,-219.712690852977,399.25187783824674,-1794.057661248075,-550.4707091119778,-124.4922328417199,42.25501800854681,results/dbg0_clust10_steps8000_kmeans_act20_hTrue_frFalse,random_policy_return.json
final_policy,10,8000,kmeans,20,True,False,Steps,steps,406.38,334.5,262.2976850831894,121.0,263.75,383.75,1000.0,results/dbg0_clust10_steps8000_kmeans_act20_hTrue_frFalse,final_policy_steps.json
